,发表时间,转发数量,内容,点赞数,评论数
0,08-05,32039,"时代少年团超话💥#爱豆v力量#
又来海边
又到夏天
海风吹过来的时候
我们也看向彼此
那就，一起去更远吧💥",315439,32310
1,08-04,56042,"时代少年团超话💥#爱豆v力量#
TNT《少年•平行的夏》之一 拍摄花絮
少年人的夏
热血远比午后阳光滚烫

擦破皮肤带来细密痛感
汗水滴落 蒸发
伤疤减淡 消失

还好记忆被留下 时代少年团的微博视频",329361,47978
2,07-31,47695,"时代少年团超话💥#爱豆v力量#
关于夏天是从什么记忆开始的

是清晨花房加了柠檬的桃子乌龙
是傍晚音像店与旋律的不期而遇
或者是午夜超市里快要过期的凤梨罐头

那一刻彼此对视的我们
像一首歌
快进
播放
暂停

和我们一起 回到夏天 吧

（完整版于8.6日上线） 时代少年团的微博视频",301392,27814
3,07-31,0,时代少年团超话 TNT-Photo Book企划《少年》Vol 3-少年·平行的夏（Summer Stories）,0,0
4,07-28,42970,"时代少年团超话💞#爱豆能量月# 一起去冒险吧～靠近梦想中的舞台，一起尖叫，呐喊，然后逛遍无尽的宇宙

TNT-上海记录Vlog 时代少年团的微博视频",354347,44979
5,07-25,10766,时代少年团超话 闪耀在少年眼前的星光是什么模样将由你们来决定，爆米花们参与起来吧[加油],194781,11688
6,07-22,22761,"时代少年团超话💥#爱豆能量月#
课堂版杀人游戏，看谁的眼神锁定你 命题表演之“跟椅子长在一起”，且看少年们如何机智破解 时代少年团的微博视频",307106,32326
7,07-21,23181,时代少年团超话 相逢有时，冒险无尽，以少年之心，诠释青春态度。今晚22：00#东方风云榜# ，准时守候少年们《无尽的冒险》@动感101 @东方卫视番茄台,243664,17312
8,07-20,32061,"时代少年团超话💥#爱豆能量月#
TNT《德克士拍摄花絮》

发布一则好消息，候场的少年们终于有了新游戏！原来快乐可以如此简单呢 时代少年团的微博视频",289814,29196
9,07-19,29686,"时代少年团超话💥#爱豆能量月#
满满的感动就算想在眼里藏起来，也会忍不住从手里伸出来",307449,26016
10,07-19,22247,时代少年团超话 风从东方来，云起少年时，携澄澈之心而来，映无尽星光。今晚时代少年团《无尽的冒险》#东方风云榜# @动感101,257845,23586
11,07-17,14903,时代少年团超话 少年，就要有一往无前的勇气，和一腔热忱的拼劲！时代少年团，就犟！#时代少年团 就犟# #就犟就爆#,174426,10001
12,07-16,32823,"时代少年团超话💥#爱豆能量月#
今天这里清静了些，慢慢会好的，送给你们",401343,40742
13,07-16,37391,"时代少年团超话💥#爱豆能量月#
TNT《跟》（下）
希望下一次相见时
充满期待的是我们彼此 时代少年团的微博视频",528706,85277
14,07-15,36936,"时代少年团超话💥#爱豆能量月#
TNT《跟小伙伴游玩的一天》（上）
想触摸新鲜空气
感受人群
想见识自然万物
呼吸生机

记一次执行一半的策划
盼一次未能成行的旅行 时代少年团的微博视频",379012,55605
15,07-11,55750,"时代少年团超话💥#爱豆能量月#

脚步不停，汗水证明
时代少年团新专辑 • 舞象之年-《象》
敬请期待！ 时代少年团的微博视频",267457,26755
16,07-11,26198,近日，我司发现有部分粉丝以非法手段通过货梯，消防楼梯上到公司楼层，躲在消防楼梯隐蔽处偷窥、偷摄。我司已在第一时间调取监控取证，并向公安机关报案追查。下面是部分监控画面截图，今后我司将不定期公布监控画面，曝光有上述行为之私生粉丝。,388790,38455
17,07-09,20459,时代少年团超话 7月19日上海不见不散！,228687,15962
18,07-06,45722,"时代少年团超话💥#爱豆能量月#
TNT《公司寻宝大作战》

关于自己的名字，少年们会脑洞大开，展开怎样的奇妙联想？熟悉的地点陌生的玩法，又会让少年们有什么样新奇的发现快来一起围观少年们“扫楼”吧～
时代少年团的微博视频",262349,25659
19,07-04,41077,"时代少年团超话💥#爱豆能量月#
TNT纪录片《光环下的少年——初夏》上线。
又是一年夏天。
像魔盒，吸引着无数人伸出手想要一探究竟。
也幸好这是夏天。
因为，夏日的阵雨来得快去得也快。
少年们的征程不会停下，热血的汗水只是热身。
他们的夏天才刚刚开始💥

时代少年团的微博视频",395336,59516
20,07-03,41278,"时代少年团超话💥#爱豆能量月#
TNT《夏季运动会主题PB》拍摄花絮

纵情欢笑
肆意奔跑
少年如青春鲜活
夏天比阳光灿烂 时代少年团的微博视频",201567,19583
21,07-02,35921,"时代少年团超话
TNT纪录片《光环下的少年——初夏》预告片。
每一年的夏天，都是灿烂的奇迹。
虽，过程中偶有阵雨，但阳光与欢笑常在。
7月4日，看时代少年们，用热血汗水开启初夏篇章。

时代少年团的微博视频",215160,20111
22,06-29,21642,"时代少年团超话💥爱豆能量月超话
TNT随机街访之《舞会之前》

作为一档优秀的栏目，我们此次也受邀出席了舞会☺️💅🏻 并且在舞会开始前成功采访到了一些并不简单的路人，他们会怎样应对三分卑微三分八卦四分侃侃而谈的记者呢，一起来了解一下吧～ 时代少年团的微博视频",290301,23412
23,06-27,4824,时代少年团超话 将汗水挥洒于赛场，把记忆存放在夏天。2020TF家族夏季运动会全部内容已上线，一起获取少年们这份属于夏天的美好吧～,97978,5888
24,06-27,8502,时代少年团超话 2020TF家族夏季运动会精彩继续～ 爆米花们一起来看吧！,95762,6619
25,06-26,31773,"时代少年团超话💥#爱豆能量月#
TNT《少年》Vol 2-Invitation（少年·函约） 拍摄花絮

时间倒流回溯
来信无迹可循
当乐声奏起
请准时赴约 时代少年团的微博视频",231704,30719
26,06-25,24911,"时代少年团超话💥#端午节美食大赛#
片片粽叶片片情，吃粽蘸酱我看行
少年们将凭借自己的运气以及聪明才智获得怎样的酱料呢，来看TNT端午节特辑之端午知识竞赛吧！
祝大家端午安康，不要忘记吃粽子哦～ 时代少年团的微博视频",227029,29206
27,06-23,294068,"时代少年团超话💥#爱豆能量月#
时间的轮盘悄然被拨动
神谕迷失在暗夜中
未署名的邀约
如期而至

“这场舞会，现在重新开始”
“那么今晚，你会来吗？” 时代少年团的微博视频",254544,36411
28,06-22,0,时代少年团超话 系列战报来袭～感谢支持，未来可期,0,0
29,06-21,20792,"时代少年团超话💥#老爸超炫的#
TNT父亲节特辑之《兴风作浪的爸爸》
爸爸是山 天塌下来我也不怕
爸爸是水 让我学会乘风破浪
不过——
爸爸也有兴风作浪的时候
欢迎收看TNT小剧场，你有没有同款老爸呢！

祝全天下的爸爸们父亲节快乐 时代少年团的微博视频",281727,28629
30,06-21,9975,时代少年团超话 TF家族夏季运动会上篇已上线！一起珍藏这难忘的夏天吧,113534,6502
31,06-20,14602,时代少年团超话 2020 TF家族夏季运动会上篇将于明天中午13：00上线啦～ 爆米花们要记得准时收看哦！,155830,14701
32,06-20,16248,严正声明,172152,16101
33,06-19,20773,"时代少年团超话💥#爱豆能量月#
TNT《背对背猜词》上线，比奇怪的游戏更奇怪的词条出现了 当铁血规则遇上小机灵鬼儿，见招拆招还不是分分钟的事儿 时代少年团的微博视频",212092,19485
34,06-18,12170,"时代少年团超话💥#爱豆能量月#
星芒初现，点亮夏天！少年们即将在直播间与爆米花们见面啦，今晚20：00 大家记得准时来哦～ @OLAY 🔗网页链接",175625,10388
35,06-15,20003,"时代少年团超话💥#贺峻霖0615生日快乐#
峻岭偶有沟壑 然终能到达山顶
甘霖润物无声 有轻风带来回音
祝我们的小贺16岁生日快乐@时代少年团-贺峻霖
你温柔待人，也愿人人温柔待你天天开心哦～ 时代少年团的微博视频",246318,32673
36,06-15,942148,时代少年团超话 很荣幸加入@OLAY 明星大家庭！这个夏天，和少年们一起出发吧~爆米花们！刚结束运动会，又迎来你们想要的月考咯！6月18日OLAY天猫直播间现场开考，现在赶紧上天猫搜【OLAY】接收成员们的备考宣言吧！#618当燃全星为你# 现在打开手淘或上天猫搜【天猫全明星】，还有618宠粉好礼等你！,188839,48062
37,06-14,28993,"时代少年团超话 💥爱豆能量月超话
全员运动day！少年们的夏季运动会之旅圆满结束",227221,20699
38,06-10,39987,"时代少年团超话💥#爱豆能量月#
TNT出道200天特辑之《我们的回忆》

过去的200天里，少年们一起训练，一起住行
一起留下过许多回忆
那么——
奇奇怪怪的游戏们也要拥有姓名 时代少年团的微博视频",259930,30775
39,06-09,29136,"时代少年团超话💥#爱豆能量月#
少年们假期过后的第一顿团圆饭，要一起吃点吗
微博视频",228693,19898
40,06-08,23624,"时代少年团超话💥#爱豆能量月#
表演课抗干扰训练来袭，“一心二用”全新玩法看少年们如何出招与接招 时代少年团的微博视频",213274,17851
41,06-05,22322,"时代少年团超话💥#爱豆能量月#
《OK！精彩》拍摄花絮

大型“想遭锤”现场，究竟发生了什么，竟让少年们会心一笑？……这一切，都要从一双凉鞋说起 时代少年团的微博视频",199518,18432
42,06-04,3011,时代少年团超话 请爆米花们仔细阅读入场券分配规则及活动须知‼️来赴少年们的夏季运动会之约吧🏖,95882,6057
43,06-04,10157,时代少年团超话 夏日暖阳炽烈，少年乘风而行。2020 TF家族夏季运动会，留下属于今夏的记忆！,116659,6865
44,06-04,11961,关于@时代少年团-严浩翔 意外受伤的情况说明,221992,14947
45,06-03,23858,"时代少年团超话💥#爱豆能量月#

每个明天，都会比今天前进一步。那么，就静候明天。",241843,22671
46,06-02,26763,"时代少年团超话💥#爱豆能量月#

一切随心，一切随性。每天保持微笑，一切安好 ！",265360,18211
47,06-01,24487,"时代少年团超话💥#童心时光机#
TNT随机街访之《儿童节特辑》

童真童趣哪家强，时代少年有话讲🎤
在这个喜庆祥和的日子里，我们来到了这个充满欢声笑语的地方，采访到了可可爱爱的小路人们，来听听看他们对于这个节日有什么想说的吧！ 时代少年团的微博视频",300723,20517
48,05-30,20688,"时代少年团超话💥#元气爱豆的日常#

TNT课间活动时间🛎
不官方不正式拳王争霸赛并不很激烈地开赛了，那本届拳王朝阳区分王会是……？ 时代少年团的微博视频",205222,18847
49,05-28,23726,"时代少年团超话💥#元气爱豆的日常#

寂静的呐喊2.0 🎧
为了“神秘大礼” ，用尽全脸力气，高能模式开启 🔜
颜艺battle，一不小心又成了表情包富人 时代少年团的微博视频",243741,25082
50,05-27,22843,"时代少年团超话 💥#元气爱豆的日常#

P1👉 有人来拍照，要记住插袋。
P2👉 曾经有一个绝佳的pose摆在我们面前，但我们笑场了。
P3👉几个精神小伙的会面，这配合打得只能说是完美，嘻嘻。",287865,19943
51,05-26,25751,"时代少年团超话💥#元气爱豆的日常#

TNT课间小游戏——默契接歌挑战👏🏻：“是谁......送你来到我身边？”vs“是谁......在敲打我窗！”
一个男团的🎙️KTV之魂无处不在😝。 时代少年团的微博视频",218672,16721
52,05-25,22760,"时代少年团超话💥#元气爱豆的日常#
时代少年团《韩都衣舍拍摄花絮》
拍摄后台大公开，当“让让哥哥”遇见“让让弟弟”，这样的撒娇也是可以的吗 时代少年团的微博视频",229053,15620
53,05-24,29015,"时代少年团超话💥#元气爱豆的日常#
时代少年团《ASMR挑战》
温馨提示：请大家在观看之前备好耳机和吃饱了的肚子，否则有因视频原因而产生的后续体重增长问题，概不负责 时代少年团的微博视频",322611,35903
54,05-22,23758,时代少年团超话💥#元气爱豆的日常# TNT奇遇记，一罐永远得不到的快乐肥宅水🤗，最后去哪了呢？😜 微博视频,240662,22622
55,05-21,25186,"时代少年团超话💥#5月表白季#

爱你爱你特辑【下】上线🙈，问答题👉诞生最young浪漫行家，判断题👉少年“求生欲”短暂出走，众（xiao）高（xue）手（sheng）过招，爱神在咆哮👼。 时代少年团的微博视频",399384,43302
56,05-21,6634,时代少年团超话 感谢@精彩OK 的邀约，少年成长ing，更多未知的未来敬请期待,139707,6827
57,05-20,20600,"时代少年团超话💥#5月表白季#

前方高（sha）甜（diao）预警❕TNT520问卷调查已入库📥。
爱你爱你特辑【上】这不就来了吗💘。
时代少年团的微博视频",246069,34290
58,05-20,16895,"时代少年团超话 💥 #元气爱豆的日常#

2020520 限量版TNT*free发售🍿️
展开糖纸，包裹的是我们永远甜蜜的期待，一起大步往前走吧💖。

#5月表白季#",183633,13083
59,05-19,29350,"时代少年团超话💥#元气爱豆的日常#

“不过节”仍在著名景点偶遇七位知名路人❕街头随机采访带你追更《忌口的诱惑》🙊。倔强口吻之下，是真心的扭曲还是现实的无奈🤷🏻。进击的太闹腾TV Part.2 ⬇️ 时代少年团的微博视频",300598,30227
60,05-17,30653,"时代少年团超话
路见不平就别走啊，该出糗时就出糗哇。🤦♂️

#元气爱豆的日常#
微博视频",324781,28995
61,05-16,13531,希望我们在适当的时候相见,218751,17792
62,05-16,3234,时代少年团超话  「明星主页」版块正式登陆TF家族官网-时代少年团粉丝俱乐部啦📢，八大主页开启，快来加入少年们的聊天室吧。,106753,5706
63,05-15,18523,"时代少年团超话
TNT纪录片《光环下的少年——挑战》上线。
少年是什么？
是汗水、是不妥协、是哪怕遇上狂风暴雨也全力奔跑的人。

随着训练的恢复，少年们在未知的情况下迎来了一个个挑战。
关于未来和自我，他们需要做出选择。
关于舞台的呈现，他们需要齐心协力共同完成。
生活与梦想的挑战不会 ...全文",210842,15774
64,05-15,14788,时代少年团超话 #韩都衣舍X时代少年团同款系列# 带来全新未来复古风潮，解锁年轻时尚型格。未来还未来，与@韩都衣舍 一起探寻未来无限可能！#BE4’2L8未来未来#,162796,8334
65,05-14,123374,"时代少年团超话 💥 #TNT影音碎片集#
02.《我想了太多关于你的形容》
-Cover by 严浩翔/贺峻霖
-原唱@温和治疗MILDCURE 词曲@朱腹黑

思绪未及，暖风将至
少年不期而遇
环游梦的奇迹
一起出发去旅行吧～ 时代少年团的微博视频",371173,40195
66,05-14,27761,"时代少年团超话 💥#元气爱豆的日常#
神仙画画特辑来袭，没有他们想不到的，更没有他们画不出的 点击就看大型艺术再创作现场 时代少年团的微博视频",327404,28398
67,05-11,20969,"时代少年团超话💥#元气爱豆的日常#
又是一节表演课，趣味游戏重磅打破记性不好传言（bushi）
即兴命题表演，在面临失去挚爱的情境下少年们会选择如何进行演绎呢，表演课内容爆米花们请查收✉️ 时代少年团的微博视频",340502,29863
68,05-10,21290,"时代少年团超话💥#给妈妈的情书#
TNT街头随机采访之《母亲节特辑》

💢母亲节在著名景点偶遇七位知名路人‼️街头随机采访带你揭密少年们和母上大人的真实关系⭕️⭕️⭕️🔛 时代少年团的微博视频",315946,30269
69,05-07,23411,"时代少年团超话💥#元气爱豆的日常#
《变速舞蹈》@时代少年团-丁程鑫 @时代少年团-贺峻霖 最终胜者奖励之广场舞舞台

为了这个重要的舞台，少年们准备了整整10分钟，在经历了质疑、挫败之后，他们会选择用怎样的方式来完成这个舞台？广场舞舞台正式上线👇🏼 时代少年团的微博视频",285935,28086
70,05-06,33681,"时代少年团超话💥#元气爱豆的日常#
TNT《少年》Vol1-少年と花 拍摄花絮

枝芽等来了春天
于是新绿盛绽
少年遇见了繁花
于是故事灿烂

时代少年团的微博视频",333208,39325
71,05-05,19964,"时代少年团超话💥#元气爱豆的日常#
TNT舞台特别企划之「七天Cover云舞台挑战」

NCT 127《Intro》+《英雄；Kick It》Cover个人直拍
by @时代少年团-贺峻霖 时代少年团的微博视频",92425,13046
72,05-05,29355,"时代少年团超话💥#元气爱豆的日常#
TNT舞台特别企划之「七天Cover云舞台挑战」

NCT 127《Intro》+《英雄；Kick It》Cover个人直拍
by @时代少年团-严浩翔 时代少年团的微博视频",80529,11882
73,05-05,17138,"时代少年团超话💥#元气爱豆的日常#
TNT舞台特别企划之「七天Cover云舞台挑战」

NCT 127《Intro》+《英雄；Kick It》Cover个人直拍
by @时代少年团-张真源 时代少年团的微博视频",62087,11928
74,05-05,16453,"时代少年团超话💥#元气爱豆的日常#
TNT舞台特别企划之「七天Cover云舞台挑战」

NCT 127《Intro》+《英雄；Kick It》Cover个人直拍
by @时代少年团-刘耀文 时代少年团的微博视频",91077,14053
75,05-05,12244,"时代少年团超话💥#元气爱豆的日常#
TNT舞台特别企划之「七天Cover云舞台挑战」

NCT 127《Intro》+《英雄；Kick It》Cover个人直拍
by @时代少年团-宋亚轩 时代少年团的微博视频",86954,13427
76,05-05,15761,"时代少年团超话💥#元气爱豆的日常#
TNT舞台特别企划之「七天Cover云舞台挑战」

NCT 127《Intro》+《英雄；Kick It》Cover个人直拍
by @时代少年团-丁程鑫 时代少年团的微博视频",96931,15600
77,05-05,12261,"时代少年团超话💥#元气爱豆的日常#
TNT舞台特别企划之「七天Cover云舞台挑战」

NCT 127《Intro》+《英雄；Kick It》Cover个人直拍
by @时代少年团队长-马嘉祺 时代少年团的微博视频",76724,12324
78,05-04,28300,"时代少年团超话💥#元气爱豆的日常#
TNT舞台特别企划之「七天Cover云舞台挑战」

EXO《破风（The Eve）》Cover个人直拍
by @时代少年团-贺峻霖

时代少年团的微博视频",154482,25460
79,05-04,31652,"时代少年团超话💥#元气爱豆的日常#
TNT舞台特别企划之「七天Cover云舞台挑战」

EXO《破风（The Eve）》Cover个人直拍
by @时代少年团-严浩翔

时代少年团的微博视频",133426,20677
80,05-04,21797,"时代少年团超话💥#元气爱豆的日常#
TNT舞台特别企划之「七天Cover云舞台挑战」

EXO《破风（The Eve）》Cover个人直拍
by @时代少年团-张真源

时代少年团的微博视频",92303,22620
81,05-04,27124,"时代少年团超话💥#元气爱豆的日常#
TNT舞台特别企划之「七天Cover云舞台挑战」

EXO《破风（The Eve）》Cover个人直拍
by @时代少年团-刘耀文

时代少年团的微博视频",144020,24571
82,05-04,30280,"时代少年团超话💥#元气爱豆的日常#
TNT舞台特别企划之「七天Cover云舞台挑战」

EXO《破风（The Eve）》Cover个人直拍
by @时代少年团-宋亚轩

时代少年团的微博视频",140025,24692
83,05-04,25877,"时代少年团超话💥#元气爱豆的日常#
TNT舞台特别企划之「七天Cover云舞台挑战」

EXO《破风（The Eve）》Cover个人直拍
by @时代少年团-丁程鑫

时代少年团的微博视频",142218,26548
84,05-04,19097,"时代少年团超话💥#元气爱豆的日常#
TNT舞台特别企划之「七天Cover云舞台挑战」

EXO《破风（The Eve）》Cover个人直拍
by @时代少年团队长-马嘉祺

时代少年团的微博视频",125335,18471
85,05-03,34577,"时代少年团超话💥#元气爱豆的日常#
TNT舞台特别企划之「七天Cover云舞台挑战」
截止至18：30，最终结果公布
舞台A 《英雄；Kick It》
平台播放量656w（48%）；官网票数4968（36%）；总分数84

舞台B 《破风（The Eve）》
平台播放量 699w（52%）；官网票数8712（64%）；总分数116

少年们主导的 ...全文",391398,40063
86,05-02,32271,"时代少年团超话💥#元气爱豆的日常#

少年们拍摄间隙的游戏时间
更多舞台相关内容请期待纪录片哦

TNT舞台特别企划之「七天Cover云舞台挑战」游戏花絮篇

时代少年团的微博视频",399212,34622
87,05-02,62813,挑战收到，这就来！不过这五口挑战难度还真不小，flag这是又要倒啊……少年们的flag我们来守护，爆米花们收到请回答！,295979,18499
88,05-01,69903,"时代少年团超话💥#元气爱豆的日常#
TNT舞台特别企划之「七天Cover云舞台挑战」

舞台B
EXO《破风（The Eve）》
Cover by 时代少年团

用光亮驱散黑暗，以风声打破沉寂。风声中的坚定，请仔细听。
（成员个人直拍将在结果公布后上线）

时代少年团的微博视频",517666,60521
89,05-01,66446,"时代少年团超话💥#元气爱豆的日常#
TNT舞台特别企划之「七天Cover云舞台挑战」

舞台A
NCT 127《Intro》+《英雄；Kick It》
Cover by 时代少年团

我们不能飞檐走壁，却也一样为了信仰将汗水洒尽，那就试试吧，去成为英雄。
（成员个人直拍将在结果公布后上线）

时代少年团的微博视频",518008,72206
90,05-01,43938,"时代少年团超话💥#元气爱豆的日常#

光影交界处
灼灼少年心

TNT舞台特别企划之「七天Cover云舞台挑战」舞台照",506571,57626
91,04-30,33335,"时代少年团超话💥#元气爱豆的日常#
TNT舞台特别企划之「七天Cover云舞台挑战」预告片

五月一日 敬请期待 时代少年团的微博视频",370045,29360
92,04-30,33681,"时代少年团超话💥#元气爱豆的日常#
“只有不停下，才算是在往前走”
“如果喜欢，那就去做，如果去做，那就尽全力”

TNT舞台特别企划之「七天Cover云舞台挑战」
倒计时一天",307599,30634
93,04-29,12571,"时代少年团超话💥#元气爱豆的日常#
TNT舞台特别企划之「七天Cover云舞台挑战」
少年意气
眉目星河

Day 2 —— 倒计时篇",464359,26537
94,04-28,31518,"时代少年团超话💥#元气爱豆的日常#
TNT舞台特别企划之「七天Cover云舞台挑战」
若说最期待
那便是相见的时刻

Day 3 —— 倒计时篇",311811,25563
95,04-27,28955,"时代少年团超话💥#元气爱豆的日常#
TNT舞台特别企划之「七天Cover云舞台挑战」
主导不一，风格各异
Who is Producer？
请相信直觉，或顺从心选

选择—— 挑战规则篇",352713,35131
96,04-26,29518,"时代少年团超话💥#元气爱豆的日常#

休息时间奇奇怪怪小游戏之情绪游戏
情绪命题摄影，能难倒少年们吗？请看 时代少年团的微博视频",320837,28708
97,04-25,33297,"时代少年团超话💥#元气爱豆的日常#
TNT舞台特别企划之「七天云舞台挑战」
七天挑战两支舞台
从无到有 化虚为实

少年vs公司
谁的主导会是你的PICK？
五月一日正片见

启幕—— 舞台概念篇",375765,35513
98,04-24,23778,"时代少年团超话💥#元气爱豆的日常#

电梯速度虽然只有7迈，但下班的心情是自由自在 时代少年团的微博视频",318227,20973
99,04-23,29525,"时代少年团超话 💥#元气爱豆的日常#
拍摄间隙的少年们会做些什么呢？原来是回味自己借钱呀别问，问就是钱已经还了 绿洲 时代少年团的微博视频",363878,25825
100,04-22,31202,"时代少年团超话💥#元气爱豆的日常#

留下了寒风旷野里的一丝春意📸",344240,22851
101,04-21,30165,"时代少年团超话💥#元气爱豆的日常#
TNT《变速舞蹈挑战》

用最陌生的速度跳最熟悉的舞，过五关斩六将喜提奖励的会是哪两位高手呢 请看 时代少年团的微博视频",333742,32039
102,04-20,8454,声明,168954,10121
103,04-19,39255,"时代少年团超话💥#元气爱豆的日常#
TNT《茶水间谁是卧底》

演技和智慧并重，胆量与口才齐飞
这场游戏谁是卧底已不再重要，重要的是什么呢？请看 时代少年团的微博视频",381204,42095
104,04-18,33467,"时代少年团超话💥#元气爱豆的日常#

今日一次盛大的挑战，突破自我的尝试
请期待吧！",313104,24776
105,04-17,35128,"时代少年团超话💥#TNT课间小游戏#
#元气爱豆的日常#

贪吃蛇正向你靠近‼️ 时代少年团的微博视频",322523,24722
106,04-17,30553,还有位置写文案吗，没有的话我直接发图了 查看图片 //@时代少年团-贺峻霖:那啥，插个队，假发兄弟花申请加入群聊 查看图片 //@时代少年团-宋亚轩:情况属实，小宋老师下课后也见证了这一幕 查看图片 //@时代少年团-严浩翔:热心市民严先生路过并记录下了这一刻 查看图片,188960,15499
107,04-16,16685,"时代少年团超话🎂#张真源0416生日快乐#
真诚而坦然，纯粹又坚定
光阴在你身后，而光一直在你头顶
未来会越来越好，希望你每天都开心
17岁的真源，生日快乐@时代少年团-张真源 时代少年团的微博视频",242723,38376
108,04-14,61068,"时代少年团超话💥#元气爱豆的日常#

解锁拍照新地点📸",374152,27707
109,04-13,55427,"时代少年团超话💥#元气爱豆的日常#
TNT《立水瓶大赛2.0》

立水瓶Plus道具升级🔝
谁如有神助，谁又捶胸顿足？
点击收获稳稳的快乐 时代少年团的微博视频",351225,33011
110,04-12,74647,"时代少年团超话💥#元气爱豆的日常#

少年们的晴朗休息日
爆米花们晚安
时代少年团的微博视频",410102,27140
111,04-12,77638,时代少年团超话 严正声明。,443808,31153
112,04-11,69373,"时代少年团超话💥#元气爱豆的日常#
TNT《一月写真拍摄》

冬日的少年气，是那时的春意🤟🏻 时代少年团的微博视频",447483,40651
113,04-10,57617,"时代少年团超话💥#元气爱豆的日常#

今天的晚餐时间🥢
豆角or四季豆？ 这是个问题 时代少年团的微博视频",393624,23738
114,04-09,48377,"时代少年团超话💥#TNT课间小游戏#
#元气爱豆的日常#

当课间少年遇见爆米花🍿 时代少年团的微博视频",497427,30201
115,04-09,22915,"时代少年团超话💥#TNT影音碎片集# #元气爱豆的日常#
07. MAMAMOO < HIP > COVER
-by 马嘉祺/张真源/严浩翔

All you wanna be is trendy 时代少年团的微博视频",399551,28815
116,04-08,68329,"时代少年团超话💥#元气爱豆的日常#
TNT《工作日》

工作总是需要一些仪式感，点击了解精致男孩的工作日常 时代少年团的微博视频",475649,43785
117,04-07,47446,"时代少年团超话💥#元气爱豆的日常#

充实的一天，累并快乐着！",421721,24512
118,04-06,36590,"时代少年团超话💥#TNT影音碎片集#
06. NCT DREAM < BOOM > COVER
-by 马嘉祺/张真源/严浩翔

Show me what you got 时代少年团的微博视频",387443,25708
119,04-05,42435,"时代少年团超话🍿#致百万分之一的你#
《爆米花》手势舞上线！

怎么可以有爆米花不会跳爆米花
手势舞教学这不就来了👏
快跟七位老师学起来，交作业就看你们的了！ 时代少年团的微博视频",381675,17983
120,04-05,15034,时代少年团超话 「灿」烂的春季来临，请将每一份春意和心情装进来信，等待少年们的倾听与回应,166331,6442
121,04-05,36526,纪录片2P已更新，至此《光环下的少年——突变》已完整上线，感谢理解，愿不负期待。,296081,12026
122,04-04,76247,#清明追思家国永念# 铭记英烈以生命守护生命，用无私换来暖春。愿花飨逝者、春暖斯人。,89254,7264
123,04-03,0,由于客观原因，2P无法在4月3日上线，因此我们决定将2P的上线时间改至4月5日上午十点，请大家谅解。,0,0
124,04-03,77719,"时代少年团超话
TNT纪录片《光环下的少年——突变》上线。
新冠疫情突然爆发，组合全盘规划被打乱。
少年们的汇合计划在突发情况下，遭遇变故。
面对突如其来的变化，少年们克服现实困难，思考团的意义。
看时代少年，无论在何种情况下，依然团结一致、一起追梦。

【时代少年团】《光环下的少年——突变》",328837,21683
125,04-03,44091,"时代少年团超话🍿#致百万分之一的你#
就像电影遇见爆米花
少年们也想用影像把此刻记下
当下尽是美好，而未来一起创造
TNT & Popcorn 《爆米花》Video

时代少年团的微博视频",462767,28094
126,04-03,221110,"时代少年团超话💥#致百万分之一的你#
将百万真心吟唱成歌
青涩稚嫩，却满怀心意
是感激，是欣喜，也是回应
等待漫长，但终会到达
《爆米花》 To.爆米花
组合新专辑《象》正在筹备中，敬请期待。
🔗
@QQ音乐 爆米花
@酷狗音乐 爆米花
@酷我音乐 ...全文",572745,43929
127,04-02,73648,"时代少年团超话
TNT纪录片《光环下的少年——突变》预告片。
突变并不可怕，怕的是孤身一人面对。
可幸的是，少年们终会齐聚。
2020年4月3日，看时代少年们，成团后破首关。 时代少年团的微博视频",515345,35245
128,04-01,46353,"时代少年团超话💥#元气爱豆的日常#
TNT《愚人节整蛊特辑》👻

颠覆胆量认知，呈现TNT史上最恐怖整蛊现场。据说录制结束当晚无人敢睡，至今都没人敢提起这场整蛊……你，做好准备了吗。 时代少年团的微博视频",537915,41639
129,03-31,56414,"时代少年团超话💥#元气爱豆的日常#
《寂静的呐喊》游戏奖励认证✓

“你吃火锅我啃客厅桌脚”
——某staff缓缓唱道",574490,33230
130,03-30,44558,"时代少年团超话💥#元气爱豆的日常#

课间小游戏——当幸运来敲头
时代少年团的微博视频",572555,34966
131,03-29,39274,"时代少年团超话💥#元气爱豆的日常#
表演课实况大放送🎦 全新风格的训练内容，充满挑战的剧情和台词，来看七位少年会怎样诠释吧🎬

时代少年团的微博视频",595380,44851
132,03-28,40907,"时代少年团超话💥#元气爱豆的日常#

训练结束啦，和月光一起回家",477292,22787
133,03-27,47367,"时代少年团超话💥#元气爱豆的日常#
TNT之《电话整蛊比赛》

时代少年团首支纯干货视频，又名《亲友巨轮翻船指南》。实在是您居家旅行，必备良频
时代少年团的微博视频",664040,42687
134,03-26,50862,"时代少年团超话💥#元气爱豆的日常#

如果春天有颜色🎨",540662,29609
135,03-25,49990,"时代少年团超话💥#元气爱豆的日常#

keep going 👊",548268,33406
136,03-24,40217,"时代少年团超话💥#元气爱豆的日常#

一天天 天天在成长[加油]",508227,28069
137,03-23,26020,"时代少年团超话🍿#致百万分之一的你#
是恰好的圆满
是航程的一段
是百万分之一的每颗真心
也是七位少年的每份热爱

百万来得太快，惊喜还在细细打磨中
我们希望这份心意以最完美状态跟大家见面
所以请大家再耐心等等
🎁提前透露一点甜
完整惊喜敬请期待哦～ 时代少年团的微博视频",372971,24377
138,03-23,28082,"时代少年团超话💥#元气爱豆的日常#
TNT《蒙眼猜物大赛》

不是比赛题目太简单，而是参赛选手太厉害

时代少年团的微博视频",387249,31654
139,03-22,23814,"时代少年团超话💥#元气爱豆的日常#

一起走过的日子💪",415748,21261
140,03-21,32508,"时代少年团超话💥#2020好起来#
TNT《眼色游戏》

起名天才们的又一次世纪对决，大家看完如果感觉头晕眼花请不要慌，多半是被绕的少半是被闹的

时代少年团的微博视频",442141,30966
141,03-19,35294,"时代少年团超话💥#2020好起来#
TNT《寂静的呐喊》

这个游戏告诉我们一个道理：猜跑偏了不要紧，游戏之神眷顾你 时代少年团的微博视频",450253,35507
142,03-16,46640,"时代少年团超话 💥#2020好起来#
TNT《沙发垫上推手大赛》

这是一次对名场面的致敬，也是一个怕什么来什么的言灵，前方连续高——能，爆米花们做好准备 时代少年团的微博视频",585490,55722
143,03-15,38360,"时代少年团超话💥#2020好起来#

在给爆米花们偷偷准备一件很惊喜的",520120,33914
144,03-15,2167,时代少年团超话 以爱乐之心，为经典而歌，@时代少年团-宋亚轩 会为大家带来哪首经典歌曲呢，今晚22：00见 ！//@时代少年团-宋亚轩:好久不见的舞台，要和我一起感受吗，今天是小宋同学(´͈ꄃ `͈,84069,4174
145,03-12,36691,"时代少年团超话💥#2020好起来#
TNT宅家日记收官篇之《宿舍时装秀》

这是一个只要放心大胆搭，土字跟你不分家的励志故事

时代少年团的微博视频",464780,40209
146,03-11,39956,"时代少年团超话💥#2020好起来#
TNT宅家日记之《彩妆憋笑比赛》

这是一个队友看了不敢笑，小朋友看了不敢哭的千万不能睡前看的故事

时代少年团的微博视频",433020,26213
147,03-10,6017,时代少年团超话💥#TNT探案游戏# 最后一轮证据已更新，真凶即将浮出水面快去官网寻找线索，投出你重要的一票吧！,136406,5028
148,03-10,31629,"时代少年团超话💥#2020好起来#
TNT宅家日记之《Xman脱袜子大赛》

这是一个谁都像卧底，只有卧底不像卧底的悬疑故事

时代少年团的微博视频",398646,26039
149,03-09,29222,"时代少年团超话💥#TNT影音碎片集#
05. SuperM < Jopping > COVER
-by 丁程鑫/宋亚轩/刘耀文/贺峻霖

You know how we get down jopping.

时代少年团的微博视频",350566,18982
150,03-09,28210,"时代少年团超话💥#2020好起来#
TNT宅家日记之《平板支撑立水瓶大赛》

这是一个名为竞技项目实为背部按摩的温馨故事

时代少年团的微博视频",406644,21181
151,03-08,27609,"时代少年团超话💥#2020好起来#
第一届TNT《宿舍清洁大赛》落下帷幕，以微小差距喜提女团舞惩罚的@时代少年团-宋亚轩 和@时代少年团-刘耀文 满脸写着情愿，并开心地跳了起来（bushi） 时代少年团的微博视频",301778,20443
152,03-08,30542,"时代少年团超话💥#2020好起来#
TNT宅家日记之《宿舍清洁大赛》

这是一个惩罚是福利，败者受难记的故事

时代少年团的微博视频",413269,23011
153,03-07,30136,"时代少年团超话💥#2020好起来#
TNT宅家日记之《僵尸游戏》

这是一个就算跑得再快也逃不出“僵尸”手掌心的扎心故事

时代少年团的微博视频",341105,16095
154,03-07,20870,时代少年团纪录片《光环下的少年》第四集因不可抗力原因，调整为4月上旬播出，敬请谅解。,323240,17461
155,03-06,35778,"时代少年团超话💥#2020好起来#
TNT宅家日记之《无用物品交换大会》

这是个把一件闲置物品换成另一件闲置物品然后继续闲置的感人故事

时代少年团的微博视频",380218,16547
156,03-04,14646,"时代少年团超话💥#宋亚轩0304生日快乐#

那一首成长的歌谣
哼着唱着
小小朋友就成了翩翩少年
祝@时代少年团-宋亚轩 16岁生日快乐
带着这份纯真一直开心下去吧

时代少年团的微博视频",176258,15296
157,03-02,38573,"时代少年团超话💥#时代少年团出道百日# 特辑之《百问百答》

一百天，一百问，一百答
有过去可回看，有未来可期待
时代少年团与爆米花一起抵达更多站吧！

时代少年团的微博视频",413407,26592
158,03-02,35395,"时代少年团超话💥#时代少年团出道百日#
在初冬裹挟的寒风中横空出世
那时看
几颗星火像你们
几分热血像你们
几道光华像你们
几声呐喊像你们
百日不长，漫漫人生中的渺渺一粒
百日不短，迢迢星河里的浓墨一笔
从冬到春不过一季
而少年们的路才刚刚开始

以1123为起点，欢迎来到0302百日一站
更多 ...全文",378567,18005
159,02-29,36727,"时代少年团超话
“来来给爆米花们看一下四年后的你们”
“ 😁😊😇😉😆🤪🥳”
“这么可爱认真的吗”
“yep”

好吧那给大家剧透一下四年后的今天",396891,19501
160,02-28,102271,时代少年团超话 TNT探案游戏上线，爆米花中究竟隐藏着多少神探呢，等你们来证明哦,136251,5243
161,02-26,28849,"时代少年团超话💥#TNT影音碎片集#
04. Red Velvet < Psycho > COVER
-by 丁程鑫/宋亚轩/刘耀文/贺峻霖

You got me feeling like a psycho.

时代少年团的微博视频",293225,13642
162,02-25,19205,"时代少年团超话🎥#TNT's VLOG#
时代少年团4/7 IN KOREA小分队训练继续，分组舞蹈课启动，两组成员在课上都有怎样的表现呢，一起来看看吧～

时代少年团的微博视频",241107,8689
163,02-24,5756,时代少年团超话 将梦做到极致，这一程才不算虚度。#少年梦游记# 第十二期最终回上线，少年们以一百分的心意准备的舞台，请接收吧爆米花们！💥,125841,4427
164,02-24,61824,#丁程鑫0224生日快乐# 如果成长让你交付了太多的勇气和汗水，那它们一定是变成了繁盛的花簇和璀璨的星河，陪伴你今后的每一步。程程18岁了，祝你生日快乐，以后每一天都快乐,63208,3175
165,02-23,4131,丁程鑫十八岁线上成人礼，一起来见证第一刻吧～ 微博直播,102344,5558
166,02-23,18813,"时代少年团超话🎥#TNT's VLOG#
TNT电话特辑☎ 4/7 IN KOREA训练小分队与3/7 IN CHINA没洗头小分队的跨国视频会面，全员在线互道想念，最让成员们牵挂的竟然是……？
⏰今晚22点丁程鑫18岁线上成人礼，记得准时来哦！

时代少年团的微博视频",245829,11208
167,02-22,21274,"时代少年团超话#丁程鑫0224生日快乐#
丁程鑫18岁线上成人礼 2月23日22点-2月24号0点
与你相遇在成人的第一刻

@时代少年团-丁程鑫 成长之约，缺你不可",94400,11246
168,02-21,12909,"时代少年团超话 🎥 #TNT's VLOG#
密集的课程安排中随机抓取幸运成员送往理发店💈 当陈年长头发遇见Tony老师，帅气和轻松会同时拥有吗 时代少年团的微博视频",213995,9107
169,02-20,6186,时代少年团超话[带着微博去旅行]#少年梦游记# 第十一期上线！成员全新角色已加载完成，一起来开启梦游记新地图吧,98620,4015
170,02-19,23033,"时代少年团超话 🎥 #TNT's VLOG#
时代少年团4/7小分队的第一个训练日，爆米花们一起来看看吧～考虑到近期韩国的疫情也有所加重，我们会尽量避免除训练以外的外出活动，请大家放心👌🏻

时代少年团的微博视频",279934,14151
171,02-17,0,时代少年团超话 @时代少年团-张真源 正在DouY直播中～快快搜索TF家族听小张唱歌和他聊天吧～,0,0
172,02-17,25120,"时代少年团超话 🎥 #TNT's VLOG#
时代少年团4/7小分队抵韩第一天VLOG，又名《你们想吃却吃不到的他们都吃了》拉仇恨特辑

时代少年团的微博视频",299940,34768
173,02-17,6024,时代少年团超话 飞行的愿望由梦境成为现实，云霄之上一定有着不同的美妙风景[带着微博去旅行] 记得收看#少年梦游记# 第十期哦！,102075,4071
174,02-14,23279,时代少年团超话 感谢各位家长在情人节百忙之中来接小朋友们放学，不过现在还没有到放学时间喔，请大家有序等待🧙🏻（小🍠有小朋友们的自拍）祝大家情人节快乐,287023,12713
175,02-13,5311,时代少年团超话 户外烧烤出发！物资紧缺不要怕，少年们有高超的户外生存技能[加油] 请收看#少年梦游记# 第九集,96157,3625
176,02-10,3455,时代少年团超话 少年们自导自演的武侠奇幻大片首映 萝卜大葱土豆们将经历怎样跌宕起伏的一生，爆米花不要错过#少年梦游记# 第八集！,70707,3028
177,02-10,9842,"时代少年团超话
TNT纪录片《光环下的少年——重逢》（下）已更新在p2。
少年人总有止不住的新奇故事。
少年人的重逢总是精彩纷呈。
时光会带来遗憾、梦想和希望。
花会谢，也会再开。
时间不停留，故事总上演。
台风未能席卷全球，时代终将继续。

【时代少年团】《光环下的少年——重逢》",144941,5146
178,02-10,17898,"时代少年团超话
TNT纪录片《光环下的少年——重逢》（上）上线。
少年们相聚在山城，再次重逢。
回到故事发生的地方，书写新的篇章。
你好，好久不见。

【时代少年团】《光环下的少年——重逢》",193155,9413
179,02-09,27888,"时代少年团超话
TNT纪录片《光环下的少年——重逢》预告片Part2⬇️
等待是为了更好的重逢。
记忆里的人们，又带着昔日的笑颜相遇在同一地方。
时光不负，少年依旧。
敬请期待，花又开好了。 时代少年团的微博视频",300533,14184
180,02-08,24780,"时代少年团超话💥#TNT艺能情报局#
第三站——《时代舞狮大会》

欢迎收看情报局第三站之元宵特别节目
今天的主要内容有：
👉🏻非著名抠门节目组竟设巨额奖金，是人性的升华还是生活水平的提高？
👉🏻史上最残酷惩罚吓晕花季少年，体验过后太上头竟想再来一次？

时代少年团祝大家元宵节 ...全文",274593,12612
181,02-06,7039,"关于丁程鑫成人礼延期举行的公告

为了积极响应国家关于新型冠状病毒的防控工作，避免疫情扩大化，经过慎重考虑，我司决定将原定于2020年2月24日举办的丁程鑫十八岁成人礼进行延期。
成人礼举办时间将在疫情得到完全控制之后再行商议，届时会另做通知，请大家予以理解。
在此期间 ...全文",100243,11643
182,02-06,4129,时代少年团超话 闹腾少年们也有功夫梦，领取到限时任务的他们将会用什么办法完成呢？请看#少年梦游记# 第七集,86767,3157
183,02-04,28559,"时代少年团超话
TNT纪录片《光环下的少年——重逢》预告片。
年少的时候，总期待仗剑走天涯。
年少的时候，总希望身边人一直相伴。
年少的时候，总憧憬每一次的相遇。
年少的时候，总渴望着重逢。
那一分那一秒那个场景，大家出现在彼此的生命。
2020年2月10日，上线，重逢。 ...全文",246396,10334
184,02-03,5725,时代少年团超话 大家期待的#少年梦游记# 第六集上线啦[带着微博去旅行] 众所周知，把娃哄睡着之后就可以理所当然的自己当娃了,85607,3527
185,01-31,15404,"时代少年团超话💥#TNT春节太闹腾#
土圭垚的楼晚已落幕，谨以此花絮向演员们致以最直击心灵的揭露
爆米花们对节目还满意吗？发送你最喜欢的节目名到评论中，也没有机会获得更多了真的发完了……
希望大家继续床上老实躺着，无聊了可以去客厅阳台走动一下，最后再次给大家拜个晚年！ ...全文",185351,7636
186,01-30,23164,守心中道义，闯大千世界。王源师兄的新剧开播了，一起来看剧吧！,74741,1962
187,01-29,25117,"时代少年团超话💥#TNT春节太闹腾#
一寸开心一寸土，楼晚今天就落幕
大年初五接财神，一首自制土味的《恭喜发财》送给各位希望看到这个视频的每个人都可以暴富！时代少年团的微博视频",220393,10485
188,01-28,17508,"时代少年团超话💥#TNT春节太闹腾#
大年初四，宜看唱歌 请欣赏由时代少年团为您带来的经典歌曲串烧
时代少年团的微博视频",176616,8472
189,01-27,2805,时代少年团超话 只要你的小剧场够反转，够中二，够搞笑，就有可能被官方选中并由七位成员共同演绎～各位爆米花快快拿起笔吧！,68331,2923
190,01-27,19703,"时代少年团超话💥#TNT春节太闹腾#
节目看不够，让我们进一段广告，广告回来明日精彩继续
时代少年团的微博视频",187697,9625
191,01-26,16351,"时代少年团超话💥#TNT春节太闹腾#
大年初二，请欣赏楼晚语言类节目——小品《只差钱》
2009年春晚小品《不差钱》Cover，向经典致敬。
时代少年团的微博视频",157192,7273
192,01-25,19088,"时代少年团超话💥#TNT春节太闹腾#
春晚已经结束，但楼晚才刚刚开始
欢迎收看时代少年团为大家带来的楼晚特别节目——《好运来抓钱》
时代少年团的微博视频",160676,9261
193,01-24,8361,"时代少年团超话💥#TNT春节太闹腾#
新年到福气到，祝大家新年快乐！🥳您的福气们正在发起跨年视频通话，是否现在接通？
时代少年团的微博视频",122882,5911
194,01-24,8266,"时代少年团超话💥#TNT春节太闹腾#
时代少年团祝大家除夕快乐
鼠年万事顺心，平安健康
#鼠年大吉##新春有你更团圆#
时代少年团的微博视频",118743,4571
195,01-24,1951,时代少年团超话 除夕来到，祝大家新年快乐，新春吉祥！TNT新年集市已开张，来官网和少年们一起过年吧！,58631,1581
196,01-23,1862,时代少年团超话💥#少年梦游记# 终于拥有豪宅却惨遭“踢馆”，三位小客人会给少年们带来怎样的任务呢,45754,1883
197,01-22,15615,#致敬疫情前线医护人员# 感谢所有的医务工作者们，希望大家都能健康平安,32674,1217
198,01-22,1369,时代少年团超话 鼠年未至，福利先行 领取新春福利开心过年吧！,43438,1590
199,01-21,14653,时代少年团超话 💥 #TNT春节太闹腾# 之《过年避雷指南》，你中枪了吗～ 时代少年团的微博视频,155587,8663
200,01-20,9893,以热血书写青春，无悔亦无畏前行。支持千玺师兄的新剧，大家要记得看剧哦！,46634,1294
201,01-20,2074,时代少年团超话 重新调岗之后迎来业绩压力，少年们会使出怎样的独门销售绝技呢,57220,1759
202,01-19,12279,时代少年团超话 一聚过后迎来假期，等年后再一起看春暖花开,171889,7085
203,01-18,7382,时代少年团超话 爆米花在？有你们的快递儿📣 大家如果拆开快递之后发现了不知名的涂鸦，请不要打差评，毕竟都是少年们无处安放的创作灵感 时代少年团的微博视频,153296,6005
204,01-17,6268,"时代少年团超话 TNT纪录片第二集《光环下的少年——聚光灯下的明与暗》
在聚光灯下，有欢呼有追逐，更具象着梦想发光的样子。但这样的美好下，却藏着无数的暗涌。少年们从不畏惧聚光灯带来的挑战，所谓的明与暗不过是旁人的想象，而绽放光芒的一直是他们自己。
【时代少年团】《光环下的少年——聚光灯下的明与暗》",128721,3941
205,01-16,5523,"时代少年团超话 大家想必都见过少年们的自拍，那见过自拍的少年们吗 罕见全团羞涩画面大公开，发自拍的时候你们可不是这样的（自拍发在一个神秘的小🍠上，速取）

时代少年团的微博视频",111401,3416
206,01-16,1673,时代少年团超话💥#少年梦游记# 梦游到平凡一天，体味职场的酸甜苦辣咸。少年梦游记第三集正片上线，看少年们如何机智化解职场小难题！,44373,1749
207,01-15,1595,时代少年团超话 这里有更多少年们成长的点滴，爆米花们不要错过哦,52374,1647
208,01-13,2592,时代少年团超话💥#少年梦游记# 齐心而前最难忘，淋漓酣畅。第二集正片上线，继续和少年们一起梦游吧！,61534,2073
209,01-09,11872,时代少年团超话💥 #少年梦游记# 西装加身成为大人模样，绿茵操场仍是少年明朗。《少年梦游记》第一集正式上线！欢迎来到少年们的梦游之境[带着微博去旅行],64530,2262
210,01-08,56073,"时代少年团超话💥 #TNT影音碎片集#
03. 致敬电影《Joker》Dance
-by 丁程鑫/刘耀文

打破眼前的镜中虚幻
还与你真实的触感
愿你读懂小丑，却永不会成为他
Goodnight. 时代少年团的微博视频",166872,8948
211,01-07,19602,"时代少年团超话
TNT纪录片《光环下的少年——聚光灯下的明与暗》预告片。
从酷夏到寒冬，从冰封到暖流，从陆地行至海边，从舞台上到生活中，从2019年跨越至2020年。
聚光灯前是并肩而立直指未来的坚定，而这背后，亦是少年不曾熄灭的，日复一日的心火。
时光永不停，唯少年热血依旧。
2020年1月17 ...全文",137874,4679
212,01-07,4991,"时代少年团超话 💥 #少年梦游记#
TNT成长类真人秀《少年梦游记》第一集预告片来袭：优雅的西装少年被投放到紧张刺激的训练基地，会发生什么样的故事呢？
⏰正片1月9日中午12：00准时上线！

7位少年参加军训 淘气散漫惹怒教官？",77571,3795
213,01-07,5099,"时代少年团超话 💥 #少年梦游记#
TNT成长类真人秀《少年梦游记》主题曲《梦游记》正式上线！

迢迢星河 一同入梦游一场
漫漫宇宙 不如肆意走这趟

QQ音乐：梦游记
酷狗音乐：梦游记
酷我音乐：网页链接
咪咕音乐：网页链接",77243,2725
214,01-06,976,时代少年团超话 想要成为高级会员的🍿，不要错过这份详细的流程图啦！,40012,1646
215,01-05,8566,"时代少年团超话 💥 #少年梦游记#
儿时的梦想或许是常鳞凡介，寻常却快乐
也或许是上天入地，做盖世英雄

请记住它们，然后即刻开启梦游吧[带着微博去旅行]
《少年梦游记》宣传片来袭，请期待1月9日中午12：00正片上线！@爱奇艺娱乐

宣传片：7位少年不同职业的探索体验",119423,5134
216,01-04,8036,"时代少年团超话 💥 #TNT艺能情报局#
第二站——《时代第一暖男》

「时代牌暖男」
配料表：纯天然自体发热，绝不添加“多喝热水”配方
适用人群：🍿

那么TNT的第一暖男会是谁呢？

时代少年团的微博视频",143164,5767
217,01-03,715,时代少年团超话 爆米花们集合啦🍿 TF家族新春音乐会门票已经就位，快来带走它们吧！,40251,1563
218,01-03,8798,"时代少年团超话 💥 #少年梦游记#
如果还有未曾实现的平凡愿望和英雄梦想，那来一次梦游也无妨[带着微博去旅行]
时代少年团成长类真人秀 《少年梦游记》 将于2020年1月9日中午12：00 起在@爱奇艺娱乐 全网独播，敬请期待。",122215,5098
219,01-02,7384,时代少年团超话 登《芭莎男士》2020年电子刊首封人物，用少年之声宣告「大人，时代变了」，创造国内男团电子刊组合封面销售额最高记录。时代万变，且看少年。@芭莎男士,115537,3694
220,01-01,4472,时代少年团超话 如果这部神奇的时光座机不仅可以通向未来，还可以打给过去，那少年们会选择打给哪一刻的自己呢...... 时代少年团的微博视频,107444,5368
221,01-01,6189,时代少年团超话 2020年来到！首先祝爆米花们新年快乐～当少年们拥有了一部神奇的电话，可以打给未来的自己会……怎样呢？ 时代少年团的微博视频,95527,5670
222,2019-12-31,2690,时代少年团超话 冒险才刚刚开始😎2020年也要一起继续冒险🍿～,63916,2791
223,2019-12-31,4105,时代少年团超话 光影所至，目光所及，请容许少年将张扬热血短暂私藏，于舞台中心肆意盛放。一会@湖南卫视跨年演唱会 见。,87146,3517
224,2019-12-31,7682,时代少年团超话 不拘于固有认知，不惧于打破常态，无尽的冒险今晚开启，少年们在@湖南卫视跨年演唱会 等你！,126791,4890
225,2019-12-29,762,时代少年团超话 第三个站点已到达，快抓住12月的尾巴，和时代少年团一起时空飞行吧！,33661,1130
226,2019-12-27,5640,"时代少年团超话 💥 #TNT艺能情报局# 少年们可以自在展现综艺感的频道。

第一站——《时代KTV》
在这里，听你爱听的？不存在的
在这里，唱你想唱的？不可能的
我们的目标就是难住你们

时代少年团的微博视频",108476,4664
227,2019-12-27,741,时代少年团超话 周回陶钧，再回梦想起始之地。2020年1月11日，期待重逢。//@TNT时代少年团-FanClub:远行最好的部分，是可以披戴荣光又回到初点。2019新年音乐会购票即将开启，1月11日，等你共赴一场【重逢】的欢喜。,33438,1250
228,2019-12-26,8347,时代少年团超话 圣诞节在忙碌的工作中度过，就算没有卡到11点59分发出，也请爆米花们收下这份姗姗来迟的圣诞祝福时代少年团的微博视频,119370,4795
229,2019-12-25,9765,"时代少年团超话 💥 #TNT影音碎片集#
01 .《Luv Or Love》
-Cover by马嘉祺/宋亚轩/张真源

是发光体，亦是追光者
在得到爱，也在给予爱
这是专属于少年人的直白和热烈
愿你们一同感受。

时代少年团的微博视频",103570,5069
230,2019-12-24,8802,大家放心，作业都带了👌🏼 绿洲,142423,5703
231,2019-12-23,9603,"时代少年团超话 💥 #TNT影音碎片集# 是不定期记录TNT少年们组成各种不同的unit，进行COVER或者唱跳作品发布的全新频道。

第一弹《My Luv · Joker》Teaser上线

马嘉祺/宋亚轩/张真源 翻唱挑战轻摇滚曲风
严浩翔/贺峻霖 慵懒风改编thanks to粉丝
丁程鑫/刘耀文 双人舞致敬电影《小丑》

敬请 ...全文",141474,4877
232,2019-12-23,5561,时代少年团超话 《BOOM！TV》第八集花絮放送！为你们还原天价食材的风评演变史，片尾更有专属单曲《蟹蟹侬》上线，TNT全员出演MV，谁看了不说一声羡慕 时代少年团的微博视频,112644,3486
233,2019-12-20,8981,时代少年团超话 《BOOM！ TV》第八集之全员厨神篇，超市小分队反复驻足停留是为谁？留家兄弟们火辣的爱过了就不再回来？比吃一顿团圆饭更有完结仪式感的莫过于亲手做一顿团圆饭，那么《BOOM！ TV》就到此结束啦，谢谢爆米花们的喜爱和守候，今后大家一起RICH RICH BOOM BOOM吧~💥 ...全文,163571,7762
234,2019-12-18,11129,时代少年团超话 《BOOM！TV》最终回预告来袭！TNT团圆饭筹备始末大揭秘，最痛苦的事情究竟是巨额镚镚该何去何从，还是你在尝百味水饺小伙伴在谈天和笑？本周《BOOM！TV》第八集告诉你答案！时代少年团的微博视频,136639,4022
235,2019-12-16,19194,"时代少年团超话 又到了《BOOM！TV》的花絮时间，本次您将会👀到TNT七人特色“空降”现场，以及稀有水上运动影像资料，猜猜哪些成员敢进行“无人驾驶”操作吧👇
时代少年团的微博视频",147038,3894
236,2019-12-14,7507,时代少年团超话 TNT欢乐谷自由行之鬼屋探险～两个小队分别向“第五人格”与“新倩女幽魂”进发，到底有没有人成功被吓到呢？本期《BOOM！TV》诚邀您测评鬼屋惊吓程度，尖叫吧爆米花们😱网页链接,145237,5161
237,2019-12-14,1407,时代少年团超话 七位VJ等待爆米花们的来信喔💌,45023,1539
238,2019-12-13,42667,#国家公祭日# 点亮和平之花，共同祭奠遇难同胞。#点亮紫金草#,24054,2793
239,2019-12-12,3022,时代少年团超话#马嘉祺1212生日快乐# 先㊗️@时代少年团队长-马嘉祺 同学十七岁生日快乐🎂这一次成员们小调皮了一下～🎁已经收齐，请TNT小队长快快检验吧！时代少年团的微博视频,43849,2504
240,2019-12-12,602,#马嘉祺1212生日快乐# 🎂这一年，我们有共同的期许，也有互相的陪伴，感谢悄悄长大的小马，你就是冬日里温暖的小太阳，请继续散发热量与光芒，十七岁的第一天，过得还开心吗🥳,20877,792
241,2019-12-11,2071,时代少年团超话 2019➡️2020 TNT陪你跨年🎇,62901,1707
242,2019-12-11,3341,时代少年团超话 第七集《BOOM！TV》预告惊恐来袭🙀胆小者慎点！正片敬请期待——欢乐谷“尖叫之旅”即将上演～时代少年团的微博视频,69418,2831
243,2019-12-10,480,滴滴 爆米花们请注意啦～8点开始哦,21449,964
244,2019-12-10,7019,时代少年团超话 最好的相遇，是久别重逢。帷幕即将拉开，2020在重庆，1.11等待相遇！,29992,1377
245,2019-12-10,966338,#时代少年团陪你放烟花桶#我收到过最棒的圣诞礼物，是会放烟花的德克⼠圣诞桶！,52410,1574
246,2019-12-09,8943,时代少年团超话 第六期《BOOM！TV》花絮含糖量已超标🍬听说这次TNT的任务是保存好糖果🤭时代少年团的微博视频,114135,2807
247,2019-12-09,4558,"时代少年团超话
#腾讯音乐娱乐盛典#🏆年度新声代团体
前方未知，但少年无畏
因为我们的征途是✨🏙🌊
感谢爆米花们的支持！
未来也要一直一起走",107967,3750
248,2019-12-08,4300,"时代少年团超话 🥳 #腾讯音乐娱乐盛典#
万众灯火，遇见少年和暖冬；满目星穹，映照热血与从容。今晚与少年们一同开启《无尽的冒险》💫@腾讯音乐娱乐盛典官博",91287,3191
249,2019-12-08,1730,时代少年团超话 下篇更有趣！快来看TNT如何卖安利掌握时下最in推销技巧，我们晚上TME不见不散噢～,48599,1553
250,2019-12-07,1231,时代少年团超话 爆米花们的2020年也要和TNT一起度过噢！快来带你们的新年套装回家吧,53118,1666
251,2019-12-06,3490,时代少年团超话🥳#尖叫之夜# 一曲《全校通报》点燃尖叫舞台，且看悄悄长大的娃娃如何释放音乐能量时代少年团带来《全校通报》—2020爱奇艺尖叫之夜,90040,3059
252,2019-12-06,4558,时代少年团超话 #尖叫之夜# 少年之力，动静皆宜，张扬如晨光肆意，沉稳如冬雪静谧。今晚@爱奇艺尖叫之夜演唱会 请尽情为《全校通报》尖叫💥,134256,3827
253,2019-12-05,8649,时代少年团超话 振奋人心的时刻终于来到！TNT RICH RICH BOOM BOOM KING他就是——本周《BOOM！TV》激烈升级～是TNT成员就玩遍欢乐谷高空项目！爱BOOM，你怕了吗🤭如果还想知道成员们最REAL的反应，请在节目中🔍 下一个列文虎克或许就是你！网页链接,241294,6384
254,2019-12-04,6477,时代少年团超话 游戏王者的福利到底是什么呢？爆米花们想知道的TMI或许就在这里哦～,56833,1668
255,2019-12-04,5256,时代少年团超话 TNT《BOOM！TV》第六集预告上线啦！这一次少年们用镚镚做了什么“神秘交易”呢🤫，锁定本周四的节目，一起来揭晓答案吧～时代少年团的微博视频,124764,3927
256,2019-12-04,1064,时代少年团超话 爆米花们快来get属于你们的2019年度会员礼吧,47169,1225
257,2019-12-03,10252,时代少年团超话 新歌&首唱会🎬幕后花絮趣味来袭，看迅速成长的少年们是如何挥洒让人雀跃的活力，更有全宇宙最努力VJ挑战演技巅峰哦时代少年团的微博视频,157560,3972
258,2019-12-02,4191,时代少年团超话 第五期《BOOM！TV》花絮已上线！看TNT的各位导演们是如何互相安排得明明白白娴熟运镜的背后又隐藏了怎样的秘密？更有“时代老年团”超强盘球手法本期关键词：“你看我幼稚吗？”时代少年团的微博视频,79349,2509
259,2019-12-01,1729,时代少年团超话 今日份快乐送达！各位boom flower速速来查收,27425,1503
260,2019-11-30,9079,时代少年团超话 2019年11月23日是时代少年团出发的起点，12月7日起，我们将通过12集纪录片——《光环下的少年》，一同见证少年们的成长历程。以梦为马，不负韶华，时代少年，以梦为光，我们一起，逆风起航。时代少年团的微博视频,99484,6566
261,2019-11-29,5118,时代少年团超话 TNT《BOOM！TV》第五集上线！本期节目大家将会看到朝阳区第一拍砖男团带来的激情表演！俗话说不会演戏的导演不是好摄像，时代少年团，全员皆可兼👍 时代少年团的微博视频,77865,4853
262,2019-11-28,474,时代少年团超话 明晚八点，即将到达Station 2-Thankful November <TNT11月限定抱枕亲笔签名套装>等你解锁，点击海报查看活动相关信息～,16886,734
263,2019-11-28,4132,时代少年团超话 前方突然掉落宣传片拍摄花絮一枚🎁想知道成员们枕头大战战况如何吗？请评出TNT枕战之王，荣誉证书将由爆米花们颁发时代少年团的微博视频,61220,2628
264,2019-11-28,224,#易烊千玺1128十九岁生日快乐# 祝易烊千玺师兄生日快乐！享受最美好的十九年华！,24787,634
265,2019-11-27,11999,时代少年团超话 全员自拍自导自演的《全校通报》自拍版MV新鲜出炉~传说中的“雪球”也终于现出了真身[冰雪奇缘雪宝]听说这支MV还事关全员的镚镚KPI，究竟怎么回事→周五宁来《BOOM！TV》康康呢！时代少年团的微博视频,84960,6703
266,2019-11-26,4303,时代少年团超话 是什么让@时代少年团队长-马嘉祺 @时代少年团-刘耀文 大声朗诵：“太阳当空照”？又是什么让@时代少年团-张真源 @时代少年团-严浩翔 情急之下喊出爸爸妈妈？ @时代少年团-丁程鑫 @时代少年团-宋亚轩 @时代少年团-贺峻霖 为何频频发出爆笑？？点击视频即刻解锁答案！ ...全文,50577,2952
267,2019-11-25,199771,很开心加入德克士，期待我们一起在D星球玩转美味~快来德克士寻找少年们吧 #德克士品牌形象大使时代少年团#,30696,1266
268,2019-11-23,2149,"时代少年团超话
成长宣言肆意张扬，褪去稚气见少年模样，以冬日为起点，走向花路铺就的每个四季。时代少年团出道快乐！
@时代少年团队长-马嘉祺 @时代少年团-丁程鑫 @时代少年团-宋亚轩 @时代少年团-刘耀文 @时代少年团-张真源 @时代少年团-严浩翔 @时代少年团-贺峻霖",54668,2380
269,2019-11-23,719,时代少年团超话 #奇迹的声音# 点击收看#时代少年团出道&新歌首唱会# 的全程回顾吧～,22292,1303
270,2019-11-23,66461,"时代少年团超话#时代少年团新歌太冒险#新歌《无尽的冒险》正式上线！
完美遇见 勇敢冒险
漫长征途 星河璀璨
七人同行 合力抵达梦想彼岸

QQ音乐：无尽的冒险
酷狗音乐：无尽的冒险
酷我音乐：网页链接
咪咕音乐：网页链接",40260,2483
271,2019-11-23,4971,"时代少年团超话 #时代少年团出道&新歌首唱会# #时代少年团新歌太冒险#
出道宣传片正式公布 时代少年团的微博视频",63531,3872
272,2019-11-23,2564,"时代少年团超话 #时代少年团出道&新歌首唱会#
直播正式开始！
#时代少年团新歌太冒险#两首新歌舞台首秀即将为你呈现！

直播地址：
@爱奇艺娱乐 网页链接",42536,2577
273,2019-11-23,1741,"时代少年团超话 #时代少年团出道&新歌首唱会#
MISSION TNT 倒计时 1h
@时代少年团队长-马嘉祺

直播地址：
@爱奇艺娱乐 网页链接",21272,1748
274,2019-11-23,2467,"时代少年团超话 #时代少年团出道&新歌首唱会#
MISSION TNT 倒计时 2h
@时代少年团-丁程鑫

直播地址：
@爱奇艺娱乐 网页链接",24977,2323
275,2019-11-23,2917,"时代少年团超话 #时代少年团出道&新歌首唱会#
MISSION TNT 倒计时 3h
@时代少年团-宋亚轩

直播地址：
@爱奇艺娱乐 网页链接",21097,2173
276,2019-11-23,1573,"时代少年团超话 #时代少年团出道&新歌首唱会#
MISSION TNT 倒计时 4h
@时代少年团-刘耀文

直播地址：
@爱奇艺娱乐 网页链接",16395,2298
277,2019-11-23,1691,"时代少年团超话 #时代少年团出道&新歌首唱会#
MISSION TNT 倒计时 5h
@时代少年团-张真源

直播地址：
@爱奇艺娱乐 网页链接",11510,1906
278,2019-11-23,3489,"时代少年团超话 #时代少年团出道&新歌首唱会#
MISSION TNT 倒计时 6h
@时代少年团-严浩翔

直播地址：
@爱奇艺娱乐 网页链接",14594,1779
279,2019-11-23,1838,"时代少年团超话 #时代少年团出道&新歌首唱会#
MISSION TNT 倒计时 7h
@时代少年团-贺峻霖

直播地址：
@爱奇艺娱乐 网页链接",13444,1544
280,2019-11-23,3398,"时代少年团超话 #时代少年团出道&新歌首唱会#
MISSION TNT 倒计时 8h！

直播地址：
@爱奇艺娱乐 网页链接",54097,2597
281,2019-11-23,4600,"时代少年团超话#时代少年团新歌太冒险# 出道第二支单曲《无尽的冒险》预告海报，歌曲将在首唱会上首次惊喜公开！
「狂风暴雨也要陪你走更远
一起航向梦闪耀的彼岸」
漫长征途 星河璀璨
18:30🗺今晚就见！ 绿洲",69517,3348
282,2019-11-22,5049,"时代少年团超话#时代少年团出道&新歌首唱会#
彩排花絮来啦！
MISSION TNT
为你解锁中💥 时代少年团的微博视频",70991,4042
283,2019-11-22,94,TF家族官网域暂使用临时域名进行全部服务，谢谢等待与谅解。,12573,545
284,2019-11-22,157444,"时代少年团超话 #时代少年团出道&新歌首唱会#倒计时一天⌛
首支单曲《全校通报》正式上线！
拒绝误解 让我们悄悄变得更强大
放肆成长 让藏在心底的梦想发光
唱出少年们的成长宣言！

QQ音乐：全校通报
酷狗音乐：时代少年团全校通报
酷我音乐：网页链接
咪咕音乐： ...全文",88472,4854
285,2019-11-21,5730,时代少年团超话💥#时代少年团出道&新歌首唱会# 粉丝名甄选过程来啦！来看看七位成员的选择吧！ 时代少年团的微博视频,70717,3678
286,2019-11-21,1105,时代少年团超话 12月6日，和我们一起点燃冬日热情放声尖叫吧,26069,1166
287,2019-11-21,5941,"时代少年团超话#时代少年团出道&新歌首唱会# 倒计时两天！⌛
首支单曲《全校通报》预告海报
「我们没那么不懂事 只用发光代替解释」
我们正在 悄悄长大
11.22 10:00 正式上线！🎵
一起期待11.23的舞台首秀吧💥",70181,3767
288,2019-11-20,689,时代少年团—独家直播揭秘11月23日出道&新歌首唱会@克拉克拉APP#时代少年团粉丝圈##空降直播间#KilaKila:时代少年团的直播间,23393,11483
